genotype,treatment,mean,var,color,entropy,resid_entropy,ev,hell_ev,en_r1,en_r2,resid_en_r1,resid_en_r2,MV,hell_rep,MI_rep,mean_r1,mean_r2,var_r1,var_r2,perm.pval_rep
dgrp100,shock,0.0171928610433518,0.111265881090791,gold,0.39454033874962,2.05559466575157,NA,NA,0.037285930021582,0.628831582399926,2.11864924706995,1.99134641341099,2.65225661646266,0.111043048242279,0.534382230897268,0.0114854181893776,0.0229003038973259,0.054665977615692,0.175743544135378,0.92533348300104
dgrp100,noShock,0.0253629015844072,0.120878889539615,darkgray,0.338687948224835,1.99612464881208,NA,NA,0.173174314737948,0.391556126544796,1.76719499779167,1.99279814410984,3.82987948375472,0.0836925597071795,0.647744513087686,0.0504263245064562,0.00343240652761437,0.130004362799479,0.119929432138711,0.711872120775106
dgrp100,NA,0.0212778813138795,0.114122026978278,black,0.374326191998835,1.99213013884822,0.0856723943135819,0.0132688138766339,NA,NA,NA,NA,NA,NA,NA,NA,NA,NA,NA,NA
dgrp208,shock,0.227786282997282,0.138408817776728,gold,0.307127356373345,1.97530097795582,NA,NA,0.294722908963856,0.311025970646464,1.88487133357816,1.80650716526167,2.57941785622774,0.0380380691138823,0.620686852632802,0.192172543719271,0.258651523704892,0.122791927213437,0.159482614830117,0.637237938792278
dgrp208,noShock,-0.0387732379793138,0.0835601866840394,darkgray,0.104022725749079,1.84713541147163,NA,NA,0.150974543870796,0.00661097413569059,1.78680833998457,1.8288411561742,2.44743599696799,0.0520775173356002,0.568362038256347,-0.086500908417601,0.0157726710930144,0.10379006996631,0.0606379914756666,0.333654603646063
dgrp208,NA,0.0899106686990427,0.126128791393968,black,0.258749611590163,1.70432489690204,3.72241512450143,0.115236326681324,NA,NA,NA,NA,NA,NA,NA,NA,NA,NA,NA,NA
dgrp373,shock,-0.089880522269325,0.0411530042460447,gold,-0.115241852252366,2.12386084718385,NA,NA,-0.303390844677946,0.0396361528668185,1.99279814410984,2.04493117484959,0.169720498870453,0.0519694258811942,0.561439891352152,-0.118717542055942,-0.0569239282274775,0.0274426334332349,0.0579451171540188,0.405211177931486
dgrp373,noShock,-0.00952323761064704,0.0322048183743374,darkgray,-0.243162578871488,2.11924608258106,NA,NA,-0.344819231814173,-0.128314487838408,1.92306578432415,1.97018144002608,1.53259186051521,0.0291364732368116,0.448077609161734,0.00970559531650519,-0.0314990466702496,0.0249408034401115,0.0420885081868252,0.530392726618428
dgrp373,NA,-0.049701879939986,0.0376989195585901,black,-0.184144889627979,2.11344717004449,0.131863387471273,0.0264272336114785,NA,NA,NA,NA,NA,NA,NA,NA,NA,NA,NA,NA
dgrp91,shock,-0.241345127950306,0.12573896078512,gold,0.441669779597167,2.08720369180991,NA,NA,0.354885946959702,0.0747595518124292,1.99134641341099,1.61705315250955,3.1598116150987,0.162334573572864,0.811641103121246,-0.369938399591486,-0.112751856309127,0.101528687739012,0.123495810648632,0.0470004809022288
dgrp91,noShock,-0.00456121472333238,0.0735665078987192,darkgray,0.0830091035389237,1.9773424629431,NA,NA,-0.211036409969422,0.265844422835498,2.08376603748565,1.99134641341099,3.15468087902296,0.141331337322118,0.613764705728607,-0.111870295261834,0.10274786581517,0.0349557195749329,0.092756535145231,0.0302355697239053
dgrp91,NA,-0.122953171336819,0.112217930767416,black,0.329740521638412,1.90224891911672,1.63965262910496,0.103177533909609,NA,NA,NA,NA,NA,NA,NA,NA,NA,NA,NA,NA
dgrp195,shock,0.265167300735882,0.267758476721936,gold,0.505594896757398,1.97228865716949,NA,NA,1.05662649278733,-0.269974474442214,2.02622962299529,1.90853528164356,1.23364017784225,0.372387994362786,0.752394141840595,0.45510471671284,0.0616629264748553,0.427049522834157,0.0305849441468261,0.0407499318296878
dgrp195,noShock,-0.167592781637839,0.211036333199529,darkgray,0.690973616585712,2.08988103982477,NA,NA,0.761810796236524,0.534936250405406,2.06920246582036,1.84074872856928,2.97362148074612,0.0500444176210626,0.343427980408824,-0.212443459479392,-0.12834843852648,0.236574244360779,0.199452294959765,0.616925045296333
dgrp195,NA,0.0451198012238205,0.282394766507495,black,0.724947747496556,2.0106858490984,0.504400965737374,0.14621037721128,NA,NA,NA,NA,NA,NA,NA,NA,NA,NA,NA,NA
dgrp228,shock,0.16892802089316,0.229390273597079,gold,0.452110148485553,1.59199630764195,NA,NA,0.847402792644467,-0.0914491545481895,1.80650716526167,1.93380999892063,2.17338896103364,0.156118104049682,0.527460083993072,0.193664310021752,0.144191731764567,0.421898520775427,0.0519558659616934,0.777266113607412
dgrp228,noShock,0.0596609835489358,0.0632706378489726,darkgray,0.114165590162896,2.08376603748565,NA,NA,0.00319368086504254,0.15277366604467,1.93380999892063,1.93380999892063,2.7254974357072,0.05821797504078,0.916290731874155,0.0157583205628035,0.103563646535068,0.057711869142032,0.0692185010795387,0.339080583688904
dgrp228,NA,0.114294502221048,0.146885690062462,black,0.312311320039718,1.48309814629438,0.603819859861089,0.0565294157215067,NA,NA,NA,NA,NA,NA,NA,NA,NA,NA,NA,NA
dgrp595,shock,0.149223070619226,0.0760036599380207,gold,0.147157143142882,2.07818447165828,NA,NA,0.22640548986009,0.0796140012790195,1.93380999892063,1.67920433160271,3.35084672962531,0.019973934065949,0.725336481385711,0.157291471232941,0.14115467000551,0.0808092135431925,0.0764874411388575,0.872645542226226
dgrp595,noShock,0.0420710095716435,0.121508579601282,darkgray,0.332069786580445,1.81746380200123,NA,NA,0.084561535422089,0.450651584713526,1.84139037484597,1.80650716526167,0.0575364144903562,0.071268683945452,1.17520459708076,0.11037133176305,-0.0262293126197634,0.0850930359679837,0.156607020324422,0.283182229092401
dgrp595,NA,0.0956470400954347,0.100001328973575,black,0.287468360477252,1.91566411830779,1.9563503524887,0.0756360038957449,NA,NA,NA,NA,NA,NA,NA,NA,NA,NA,NA,NA
dgrp705,shock,0.142898582362007,0.230815642604573,gold,0.68562900619036,2.17541474645417,NA,NA,0.918118399417808,0.468271072668814,2.03175921856927,1.99134641341099,0.780149083648633,0.0725643089445945,0.422810455240163,0.140051183997618,0.145366327611143,0.311315626059395,0.178288435093195,0.976708415128598
dgrp705,noShock,0.111738861350788,0.0804659866304961,darkgray,-0.0667883886502107,1.57986256062385,NA,NA,-0.147576054678072,-0.0356558359628873,1.23069910365772,1.73265872019921,1.28977469966672,0.06765364537343,0.561439891352151,0.146813186354317,0.0658724363461727,0.105469336518306,0.0498118509225529,0.438661373806488
dgrp705,NA,0.126781485287238,0.150519257571263,black,0.391773565800108,1.9067510719206,2.95244504166444,0.157968571042072,NA,NA,NA,NA,NA,NA,NA,NA,NA,NA,NA,NA
dgrp75,shock,0.147574675461589,0.1223499033402,gold,0.36381177055239,1.86420705055032,NA,NA,0.623059287556688,0.0612333006792478,1.97018144002608,1.78680833998457,4.82600206329895,0.0843489040004233,0.950270539233235,0.126200304203117,0.166277250312751,0.203429509465872,0.0594380600305808,0.754219411443546
dgrp75,noShock,-0.110501736252702,0.0894059452148361,darkgray,0.255624417213865,2.07013205273122,NA,NA,0.421941345323949,-0.0661414893888517,2.06797591229398,1.84688912326104,2.31300976452506,0.0821672704891229,0.422810455240162,-0.116254383180356,-0.103927282621097,0.129100385368364,0.0503947704146337,0.910306001917985
dgrp75,NA,0.0185364696044434,0.121016459700778,black,0.397077249986114,2.00390635276881,0.30657329551995,0.101289498179266,NA,NA,NA,NA,NA,NA,NA,NA,NA,NA,NA,NA
dgrp820,shock,-0.192776759570021,0.167813091809242,gold,0.533014328243296,1.86844803530086,NA,NA,0.435517854968733,0.580833525725393,2.00755630743784,1.54197643276282,2.1040089142037,0.0504901727704483,0.725336481385712,-0.211045927915775,-0.176791237267486,0.140339213152914,0.202227241702595,0.819263973876124
dgrp820,noShock,-0.00161630455621687,0.160883298167485,darkgray,0.352688568854677,1.8132190031119,NA,NA,0.393731335842023,0.236383292282167,1.76700919107457,1.76700919107457,1.88042568405547,0.0635413836913867,0.845620910480325,-0.037473185974648,0.0342405768622143,0.223040861852243,0.107462293041,0.624388049698767
dgrp820,NA,-0.0971965320631188,0.170853052588836,black,0.512465597181744,1.90094594132341,0.824882027310552,0.0648438795247133,NA,NA,NA,NA,NA,NA,NA,NA,NA,NA,NA,NA
dgrp879,shock,0.241111248602586,0.106431871393614,gold,0.283058452474086,1.8109116208105,NA,NA,0.446611170724063,0.0611692247549065,1.76700919107457,2.11864924706995,1.17753300281699,0.0556270683072255,0.534382230897268,0.308195945288889,0.174026551916282,0.153247344350965,0.0575750538297493,0.260044972332194
dgrp879,noShock,0.0525379814941995,0.0881644435739233,darkgray,0.260114939281516,2.04426806329855,NA,NA,0.135070024898287,0.406363752899677,1.86404357975203,1.70947277658421,2.42014242597447,0.0373081168060562,0.759316288744791,0.0250561774891219,0.0800197854992772,0.0662974243153766,0.11471053119195,0.61219481395986
dgrp879,NA,0.146824615048393,0.10468968288267,black,0.296212288142985,1.90251544123505,3.48181767873634,0.0635809929304317,NA,NA,NA,NA,NA,NA,NA,NA,NA,NA,NA,NA
dgrp105,shock,-0.0578756181377627,0.122417496854954,gold,0.0719027142837418,1.71983257781267,NA,NA,0.0840157037013518,0.00644538726069338,1.63079910458564,1.48803604417812,0.0507376041001285,0.0763798101526398,1.27985422583367,-0.111070344650813,-0.0113302324388435,0.115025749020916,0.132032906642721,0.436007155799759
dgrp105,noShock,-0.0602567281900441,0.0534315348363904,darkgray,-0.0081159953484549,2.18289749941054,NA,NA,0.178592869256301,-0.344766941250195,2.11864924706995,1.80650716526167,2.55198479001091,0.103375924305975,0.811641103121246,-0.0427320488547199,-0.0777814075253682,0.0735373152126114,0.0364841904074702,0.677957330879356
dgrp105,NA,-0.0590661731639034,0.0864357112597495,black,0.0749819363407316,1.72206441544171,1.12156022506231,0.0596405925223137,NA,NA,NA,NA,NA,NA,NA,NA,NA,NA,NA,NA
dgrp859,shock,0.231427055049801,0.578203284649404,gold,0.769028659792299,1.73341627498641,NA,NA,1.04580982912303,0.475008695308006,1.81430751960713,1.37929225447268,2.96226712708449,0.144816740334977,0.576884494695814,0.159661528755935,0.288839476084893,0.548942011735343,0.634548356520588,0.660926625018084
dgrp859,noShock,-0.177819455564489,0.178796432407379,darkgray,0.385492242387971,1.65530928871318,NA,NA,0.0351853858418652,0.580110524686739,2.10657733323212,1.66313559161417,3.88488721387587,0.105964246303053,0.561439891352152,-0.185912149219236,-0.170738348616584,0.0549631651559107,0.297923749060612,0.921887080711659
dgrp859,NA,0.0160341547264906,0.403542845502597,black,0.830594276767542,1.75131601192254,1.9874400359166,0.254632071229704,NA,NA,NA,NA,NA,NA,NA,NA,NA,NA,NA,NA
dgrp303,shock,0.438612318794362,0.491951670715534,gold,1.10489591337077,1.88737565261476,NA,NA,1.39953196404726,0.623924752886547,2.00755630743784,1.97018144002608,1.51524801239355,0.152943447613089,0.309448173049744,0.498837047849066,0.378387589739658,0.814051908175279,0.199881830717603,0.649575339078199
dgrp303,noShock,-0.0874613511593153,0.0588168022665452,darkgray,0.070043638600564,2.06156930034418,NA,NA,0.100681422308532,0.0717611837301186,1.86404357975203,1.80951425584928,0.378304246357385,0.0125529059773056,1.22752941145721,-0.0743934936756719,-0.101462627034647,0.0620334556102978,0.0594689270203834,0.7639066856398
dgrp303,NA,0.17096080250214,0.33700159295052,black,0.735221983421402,1.7485601697149,0.396716412328075,0.272876850482554,NA,NA,NA,NA,NA,NA,NA,NA,NA,NA,NA,NA
dgrp321,shock,0.154412232159773,0.0856816636578349,gold,0.0510881546310686,1.76700919107457,NA,NA,-0.088687306724444,0.27245467881114,1.84139037484597,1.74897075077131,2.92166328630955,0.0701792363504103,0.950270539233235,0.0836419549576409,0.225182509361905,0.055837635054973,0.110913456517828,0.18542246259561
dgrp321,noShock,0.0124452827709765,0.0576819988665353,darkgray,0.0383780756375129,1.91696522963958,NA,NA,-0.100449408138281,0.118404610410726,1.808045719584,2.00755630743784,1.5250082686289,0.0391311334199501,0.613764705728606,0.0339728047597332,-0.0121575995018883,0.0557591053502012,0.0631155549386946,0.599691427288073
dgrp321,NA,0.0834287574653746,0.0755909395591212,black,0.0762802103361336,1.74622840354766,1.0077527429331,0.0557172236339878,NA,NA,NA,NA,NA,NA,NA,NA,NA,NA,NA,NA
dgrp304,shock,0.0426881864068377,0.16224173156604,gold,0.376734975766235,1.75568258862154,NA,NA,0.38784432227713,0.393156761829772,1.84688912326104,1.5607002228432,4.32667865034163,0.0790106171668679,0.534382230897268,0.154231698215409,-0.0549123864256621,0.115391216303508,0.19188820560144,0.155951138923502
dgrp304,noShock,0.000759210130325442,0.0511480145568391,darkgray,-0.0729638388024082,2.12058666365788,NA,NA,0.0315172091159422,-0.207296532421958,2.00755630743784,1.89036277533887,0.19314901711264,0.0523083776629474,0.916290731874156,0.060600572101766,-0.0516019815946851,0.0573225181746546,0.0429399156706437,0.17520642671152
dgrp304,NA,0.0217236982685816,0.105333444463347,black,0.217274699459793,1.69890782946329,0.702050627242406,0.0869165171320151,NA,NA,NA,NA,NA,NA,NA,NA,NA,NA,NA,NA
dgrp309,shock,0.133709303924964,0.103235768120208,gold,0.294023551740282,1.95088163799932,NA,NA,0.247632803034362,0.246681198842496,1.78680833998457,1.87116041423181,2.15480279527272,0.0736763614987483,0.706991474368337,0.186979183347757,0.0728294417274873,0.11855923910441,0.0860120616433703,0.331655174863212
dgrp309,noShock,0.0752718549984792,0.0249373735363326,darkgray,-0.405981274518935,1.93209945213034,NA,NA,-0.39124512820841,-0.532238630820978,2.22002532783454,1.87116041423181,2.21490073756921,0.0863967679028179,0.284181019128174,0.0360170936372201,0.120134439411347,0.0249986760995487,0.0227208915157785,0.145520342023447
dgrp309,NA,0.104490579461722,0.0638685616880545,black,0.00659655813809379,1.82384343295118,0.73171865767017,0.110598189259564,NA,NA,NA,NA,NA,NA,NA,NA,NA,NA,NA,NA
dgrp362,shock,0.470838947491544,0.182197429059527,gold,0.53644423392459,1.87590361871681,NA,NA,0.464824388401059,0.654109024073013,1.70947277658421,1.99134641341099,0.868865321084643,0.0214538152378302,0.620686852632802,0.435158555342223,0.506519339640866,0.133489353352952,0.241191556019077,0.647063312346717
dgrp362,noShock,-0.0269318510098613,0.0174992151196984,darkgray,-0.539789023646833,2.06423836224343,NA,NA,-0.534205861818524,-0.532158400834664,1.88487133357816,1.80951425584928,1.52382709210588,0.0138651364241346,0.759316288744791,-0.0206773522981356,-0.0327395998136065,0.0176702246898574,0.0186120102910594,0.812858027913574
dgrp362,NA,0.235052779780352,0.165352305449179,black,0.437584132271572,1.75968737267294,2.10611060426076,0.398034101384611,NA,NA,NA,NA,NA,NA,NA,NA,NA,NA,NA,NA
dgrp386,shock,0.0513567952536863,0.088808144993148,gold,0.244265544029536,1.9796498452445,NA,NA,0.235382425596819,0.1670679646173,2.13338193026454,1.72982013037992,1.12109597552056,0.05417048725907,0.752394141840595,0.0220009038257423,0.0849063854570508,0.0801157381184175,0.103396445323167,0.564074369838212
dgrp386,noShock,-0.0371531118188568,0.128780253200771,darkgray,0.452342311341284,2.21628047125851,NA,NA,0.523478438197531,0.399969241182728,2.21106887114461,2.02622962299529,0.68726351070962,0.0128546308570748,0.482057416520813,-0.0681677790430239,-0.00613844459468974,0.141195918496412,0.1235019425987,0.635947374975573
dgrp386,NA,0.00710184171741474,0.108941925463958,black,0.36533422594458,2.09973144989092,0.250146129617622,0.0308381095583111,NA,NA,NA,NA,NA,NA,NA,NA,NA,NA,NA,NA
dgrp59,shock,0.176346420808485,0.169069675012489,gold,0.430911837184002,1.71955754105377,NA,NA,0.566041894782426,0.204204942323632,2.00970918189415,1.43275705299709,5.95154579866446,0.119420672896947,0.554517744447957,0.210955524934147,0.136793158950585,0.154972744162271,0.195181717244894,0.622119109010274
dgrp59,noShock,-0.0501521151172935,0.116600986105547,darkgray,0.331966630926726,1.89334522350896,NA,NA,0.0282559015696571,0.576435320460926,1.99134641341099,1.89431202473353,1.64476185926603,0.0860635458931415,0.482057416520813,-0.0517394149011671,-0.0485648153334199,0.0538478587953004,0.187677356307752,0.979687582470799
dgrp59,NA,0.0630971528455957,0.153457169052048,black,0.453623954109128,1.9424212487316,1.53063526541966,0.0912507515383477,NA,NA,NA,NA,NA,NA,NA,NA,NA,NA,NA,NA
dgrp390,shock,0.0855041363495966,0.227856993341732,gold,0.444613381634441,1.74195234620696,NA,NA,0.400147346772321,0.328061156181556,1.48781671640145,1.76700919107457,1.34670815035982,0.0796085166708397,0.759316288744791,0.172746898217144,-0.00173862551795053,0.289767685064633,0.165911873646931,0.316799201916404
dgrp390,noShock,-0.0158841894250421,0.0952356719776692,darkgray,-0.0140021074510011,1.5368357954207,NA,NA,-0.626315476337467,0.482533535836355,1.96009513512456,1.81848316301237,1.16016915157061,0.222673049439402,0.79329609610387,0.022961851971661,-0.0636947019132921,0.0156032503290611,0.198224152930554,0.452033963701078
dgrp390,NA,0.0356691965620623,0.162517794061881,black,0.263569619048324,1.41716363505766,7.43314477278173,0.0941379017634679,NA,NA,NA,NA,NA,NA,NA,NA,NA,NA,NA,NA
dgrp405,shock,0.166740609868426,0.0653511604830244,gold,0.107769770475152,2.15546987324219,NA,NA,-0.132191820766657,0.273467204365521,2.10657733323212,1.86198610816871,3.99895974190698,0.0736499911900355,0.422810455240162,0.200014343648544,0.137626092810824,0.0392957138742052,0.09035179419678,0.504856784877852
dgrp405,noShock,-0.013229819293147,0.095929207183233,darkgray,0.198722804487116,2.02295543946932,NA,NA,0.313606521812964,-0.0062648241003765,1.80371937776887,1.63079910458564,1.8247270516074,0.0692311043381246,0.811641103121246,0.0240526739285034,-0.0558383829750332,0.107610163958572,0.0861644572565806,0.480914279066577
dgrp405,NA,0.0767553952876397,0.087507982930686,black,0.255474442778828,2.12367586432712,0.561482420701659,0.0878148842927542,NA,NA,NA,NA,NA,NA,NA,NA,NA,NA,NA,NA
dgrp437,shock,-0.0903186155500464,0.167082007529555,gold,0.524260549075719,1.98061664646907,NA,NA,0.456698562563983,0.359456379598878,2.00755630743784,1.721402322014,2.7503402072312,0.130494528272421,0.620686852632802,-0.0504030178079,-0.125244763574425,0.127041322595393,0.210134538824019,0.616854165591591
dgrp437,noShock,-0.0588921232571168,0.158328149121346,darkgray,0.528815933779565,2.19422410186356,NA,NA,0.550267981846649,0.434610221346072,1.808045719584,2.20559835902639,0.719026643204508,0.0574607083717587,0.281280615454461,-0.0759666182429855,-0.0393784147018384,0.202719303278433,0.118517782598158,0.801612183856416
dgrp437,NA,-0.0746053694035816,0.160198456087181,black,0.513567454921654,2.09244699142348,0.293872309016226,0.00917921452855852,NA,NA,NA,NA,NA,NA,NA,NA,NA,NA,NA,NA
dgrp486,shock,0.239431554581947,0.0680229600077556,gold,0.0571864220283592,1.87917780224278,NA,NA,0.0747268469839706,-0.0503984458167866,1.74977898918417,1.97018144002608,1.05399980982581,0.0408213096125299,0.950270539233235,0.247623776454992,0.230069015298467,0.0925384393672983,0.0447914038263291,0.854075687993371
dgrp486,noShock,0.057822966866266,0.0656242869335108,darkgray,0.00547436382963641,1.91465784733819,NA,NA,0.175110679572349,-0.425735904882762,1.83642238675416,1.86621602358595,0.637693859760146,0.137501165267457,0.606842558824411,0.0428041163019916,0.0749873675111511,0.0945443583284689,0.0367080968534964,0.731380394885641
dgrp486,NA,0.148627260724107,0.0740761923436947,black,0.0739866371456439,1.88827809344076,0.357367627582228,0.088714698194808,NA,NA,NA,NA,NA,NA,NA,NA,NA,NA,NA,NA
dgrp584,shock,0.0615159360122352,0.0446617862061445,gold,-0.0835991936264985,2.00204887156105,NA,NA,0.0275682587261691,-0.285240676062529,1.87116041423181,1.71408754118701,1.74815552000015,0.0632096750995504,0.793296096103871,0.102465920444668,0.0232959505419645,0.0540441959718096,0.0358976671177196,0.313407048900433
dgrp584,noShock,0.0658524425076175,0.079956596136418,darkgray,0.223367479059027,2.15643667446676,NA,NA,0.31894382384805,-0.0395895547834412,2.08376603748565,1.85942881514923,2.71144936695282,0.0802355589419974,0.606842558824412,0.0365822614173881,0.0951226235978468,0.0992568228857875,0.0645316758945322,0.570735620975932
dgrp584,NA,0.063720939314972,0.0615439413801959,black,0.0783180781381501,2.12005213773203,0.25405697013146,0.0339265734501691,NA,NA,NA,NA,NA,NA,NA,NA,NA,NA,NA,NA
dgrp26,shock,-0.0253465072917932,0.22673456779449,gold,0.71062251153172,1.95247608656696,NA,NA,0.712149282751368,0.749123399354833,1.87116041423181,1.84139037484597,1.99312672401328,0.0189174712463347,0.706991474368337,0.0633771906470664,-0.108155292034729,0.22108796698504,0.232954170065566,0.332351065282425
dgrp26,noShock,0.0637878110511633,0.141154716703999,darkgray,0.49434889247001,2.07206946931916,NA,NA,0.0994674260738201,0.522075089205958,1.85942881514923,1.89892678933633,1.94695466544978,0.123470484527655,0.666089520105061,0.161730831913897,-0.0341552098115707,0.11039914122196,0.161436696231214,0.153331404088541
dgrp26,NA,0.0199760274588627,0.18205532218342,black,0.5959377671511,2.04213585047676,1.846142006056,0.0254634506092626,NA,NA,NA,NA,NA,NA,NA,NA,NA,NA,NA,NA
dgrp385,shock,0.0401280130841875,0.4330955960776,gold,0.871855343782649,1.63244230308414,NA,NA,0.963711914680407,0.743857086480413,1.77823330579971,1.68869931302872,1.60963449302131,0.0501552179488505,0.8639659174977,0.0361476022719664,0.0433620968691172,0.58368188931386,0.341474713461773,0.976577978750836
dgrp385,noShock,-0.0620143130302622,0.0971529395246518,darkgray,0.302843376968076,1.88669678465808,NA,NA,0.116657728114778,0.481236789249026,1.84139037484597,1.89892678933633,2.82924366223489,0.0481962721835175,0.700069327464141,-0.0131607344569208,-0.110867891603604,0.0647149826239136,0.131416094664104,0.390628719341317
dgrp385,NA,-0.0118087629062107,0.260309573906784,black,0.649914426876421,1.61653120294718,0.927669375521712,0.0883434582386106,NA,NA,NA,NA,NA,NA,NA,NA,NA,NA,NA,NA
dgrp395,shock,0.237807360569969,0.127227633544716,gold,0.445560773340638,2.04804283679156,NA,NA,0.364529745250356,0.473827576575336,2.10657733323212,1.94591014905531,0.770243617159958,0.03315820071752,0.422810455240163,0.305414451216475,0.170200269923462,0.111438933901012,0.14295844932577,0.315883587274516
dgrp395,noShock,-0.0243537367437786,0.0644484954420257,darkgray,0.106570853694759,2.15643667446676,NA,NA,-0.266959688227128,0.321073726680907,1.87345173755457,2.00755630743784,3.36540258921913,0.146841209216348,0.673011667009257,-0.0255253994581831,-0.023014693641602,0.0362541659848856,0.101934370064553,0.978440433629401
dgrp395,NA,0.102206792993892,0.110518068317635,black,0.355223053365228,1.98170275151223,0.413261514583439,0.108725892598619,NA,NA,NA,NA,NA,NA,NA,NA,NA,NA,NA,NA
dgrp517,shock,-0.0383230032819345,0.0558408770665417,gold,0.0363400354202721,2.0569352468284,NA,NA,-0.606605021997804,0.270835281309261,1.67920433160271,1.89431202473353,1.41612206885377,0.211525226706002,0.534382230897267,-0.0560328496973073,-0.0206131568665616,0.028564999006471,0.0864333063598166,0.681448807839004
dgrp517,noShock,-0.0211199227240851,0.114743021369374,darkgray,0.077693715053472,1.56168893661791,NA,NA,-0.0868049767826532,0.319549714551793,1.99134641341099,1.61705315250955,2.00070448333725,0.0559666886496839,0.673011667009257,0.0516880462287494,-0.0939278916769196,0.0513442488426813,0.174978437544515,0.239087404707885
dgrp517,NA,-0.0297214630030098,0.0839215634635892,black,0.103537617991207,1.68645084868129,3.21699574464883,0.0493096417530651,NA,NA,NA,NA,NA,NA,NA,NA,NA,NA,NA,NA
dgrp551,shock,-0.10552964260642,0.0782557945112555,gold,0.209858254819767,2.07534365284512,NA,NA,0.0980293215083466,0.261891754774583,1.76719499779167,2.22002532783454,0.807351672859551,0.0523436006119016,0.231856204751719,-0.0993825040080556,-0.110908388879989,0.0701250048884966,0.0904534040207388,0.910359809054886
dgrp551,noShock,0.0361634359039399,0.0902330581909059,darkgray,-0.0120698993026901,1.62972033603941,NA,NA,0.0585530925823576,-0.076794316435087,1.48781671640145,2.02622962299529,0.90809140289248,0.0356247468814691,0.811641103121246,0.0664121502358474,0.00591472157203242,0.134560602133972,0.0503900511499044,0.581256857299349
dgrp551,NA,-0.0346831033512401,0.0879208585733699,black,0.157369894178477,1.80317089362788,2.62932391990546,0.093856088552642,NA,NA,NA,NA,NA,NA,NA,NA,NA,NA,NA,NA
dgrp559,shock,-0.170738604188839,0.206011306474378,gold,0.592102331567961,1.89661940703493,NA,NA,0.525720758937074,0.610846502466727,1.74977898918417,1.40032657623119,3.73633601489691,0.0430827045495341,0.700069327464141,-0.17720107611448,-0.163352921988106,0.240161348409681,0.182344289899655,0.933557351040027
dgrp559,noShock,0.0130422443577004,0.317977404681485,darkgray,0.908389836422181,2.12439428369561,NA,NA,0.848378707183139,1.01821727658616,2.10067892127926,1.80951425584928,2.87088377305594,0.0158831660934199,0.811641103121246,0.0871124172358847,-0.0716093817887959,0.272089019441565,0.380915740511298,0.441813956363155
dgrp559,NA,-0.0788481799155691,0.266140739456056,black,0.795603004854697,2.05556087660685,0.384267621483272,0.0757027746861701,NA,NA,NA,NA,NA,NA,NA,NA,NA,NA,NA,NA
dgrp732,shock,0.134876720528813,0.0900153235672092,gold,0.285828416396548,2.10698560696756,NA,NA,0.33782884631747,0.289633306264193,1.8446214763655,1.83642238675416,1.90122568804032,0.0110211972945139,0.752394141840595,0.135635800236535,0.134259968266288,0.0978453135800778,0.0897514480107491,0.990201288154995
dgrp732,noShock,0.0357183406072516,0.14249859156854,darkgray,0.325077575420796,1.69053093405573,NA,NA,0.213112288557381,0.406524717540638,2.02622962299529,1.58216994292525,3.03681134951558,0.0583367471420057,0.613764705728606,0.0631113519451895,0.0083253292693137,0.0832176925695185,0.210350010529256,0.691027137118191
dgrp732,NA,0.0844572053144595,0.117204727953052,black,0.303286691233755,1.76394673198627,2.53165574315063,0.0272119224928764,NA,NA,NA,NA,NA,NA,NA,NA,NA,NA,NA,NA
dgrp737,shock,0.137106836176749,0.163339952610987,gold,0.585262247686563,2.02247885820955,NA,NA,0.407513950359413,0.63795635943045,1.86404357975203,1.87116041423181,4.06648093661136,0.0709362178937534,0.706991474368337,0.251953130042692,0.0140572356060957,0.114637454125101,0.196828645255901,0.113196868403093
dgrp737,noShock,-0.0611563514884779,0.122057924849922,darkgray,0.373427406563896,1.91465784733819,NA,NA,0.505910620143243,0.187869981370175,1.76719499779167,1.7479662368881,2.68981893148926,0.0798262716023096,0.509115076975697,-0.0539069822386809,-0.0674995495820504,0.166883504021272,0.0912543161876695,0.915334889445135
dgrp737,NA,0.0362950458384981,0.149876366104305,black,0.510757866570843,1.95830958117363,0.390856819467907,0.0580692989698999,NA,NA,NA,NA,NA,NA,NA,NA,NA,NA,NA,NA
dgrp786,shock,0.0695917041150055,0.0672157648475436,gold,0.113024393674858,2.11864924706995,NA,NA,-0.147123230720984,0.178170253770832,2.08376603748565,2.02622962299529,1.91530889363978,0.0891588252834579,0.693147180559946,0.169822585344639,-0.0306391771146276,0.0443541960069815,0.0733508249942113,0.0342161189020276
dgrp786,noShock,0.0148536198929356,0.172227238507961,darkgray,0.522373394139485,1.95764940270484,NA,NA,0.638133618233,0.0670472429896444,1.84688912326104,1.77213938843753,3.01366987683618,0.239225290084147,0.811641103121246,0.163688869991676,-0.133981630205805,0.251622607036488,0.0583682662635296,0.0577319608506099
dgrp786,NA,0.0431664220767649,0.116540117538733,black,0.344507563635533,1.79473736148874,0.642788016596993,0.0597192374347246,NA,NA,NA,NA,NA,NA,NA,NA,NA,NA,NA,NA
dgrp787,shock,0.0562805333053604,0.100610809704675,gold,0.278976996266696,1.85712143284783,NA,NA,0.463179395285645,-0.245531720248045,1.98133251472398,1.80951425584928,4.72274372303203,0.1312970381158,0.845620910480326,0.0604135962379368,0.0515570328109874,0.146345780267987,0.0555339308978175,0.939182975352631
dgrp787,noShock,-0.0646050954308569,0.0456058791012238,darkgray,-0.0690155695454907,2.17387827925891,NA,NA,0.0102171226426319,-0.0883254680248266,1.78385396035562,2.06111283257959,0.277258872223978,0.00927481092722848,0.83869876357613,-0.0445815397114214,-0.0846286511502923,0.0510480048929655,0.0425621529946066,0.607559468063914
dgrp787,NA,-0.00416228106274824,0.0755844746422938,black,0.0953127102929161,1.8170595653659,0.516058247314726,0.0546542836153404,NA,NA,NA,NA,NA,NA,NA,NA,NA,NA,NA,NA
dgrp790,shock,0.0284072332692151,0.0623195913470399,gold,-0.0180118581745389,1.78064317582899,NA,NA,0.0576496490966003,-0.091036968008013,1.63079910458564,1.62861983033282,2.34089863943278,0.0259129117530994,0.725336481385711,0.0195613829927261,0.036147352261143,0.0818545181116822,0.0494070250400363,0.85593730603893
dgrp790,noShock,-0.0750941455296836,0.0917210465476911,darkgray,0.270215639879164,1.8905044046958,NA,NA,0.211755681698258,0.277020710468832,1.721402322014,1.61147220426073,4.00340549517763,0.0338648403497358,0.673011667009257,-0.0699157520107579,-0.0810123095513129,0.0837236583271204,0.107933544423833,0.920249732811919
dgrp790,NA,-0.0233434561302342,0.0784384157651915,black,0.18805501837433,1.88296525924477,4.53351046851804,0.0784501137953434,NA,NA,NA,NA,NA,NA,NA,NA,NA,NA,NA,NA
dgrp802,shock,0.276551849434481,0.313224939519711,gold,0.71045335188561,1.68056938563635,NA,NA,0.850466046761811,0.470848278576765,1.67311836264325,1.66746193342929,4.39132127357416,0.0936424453730821,0.8639659174977,0.44821680956099,0.126345009323785,0.370193246271869,0.233163567199158,0.116063397891705
dgrp802,noShock,0.047068958700286,0.162419576390586,darkgray,0.583681059390609,2.16545589461838,NA,NA,0.630938909819747,0.557792686440251,2.10067892127926,1.73476452102578,4.5886744370197,0.0191728957715099,0.534382230897268,0.00682703799483238,0.0930597252208044,0.177138947894005,0.153658522579375,0.558764826827946
dgrp802,NA,0.161810404067383,0.247180117262618,black,0.67549294078948,1.79913331724486,0.355690377021629,0.0661518718236489,NA,NA,NA,NA,NA,NA,NA,NA,NA,NA,NA,NA
dgrp153,shock,0.0274513688843424,0.0969941337919781,gold,0.20429583158844,1.78251719341758,NA,NA,0.181216811730156,0.21812106245312,2.00755630743784,1.86198610816871,3.5811051001331,0.0465126445515692,0.811641103121246,-0.0276460080810979,0.0756615737291025,0.0721494972026595,0.119679916095694,0.364720919249381
dgrp153,noShock,-0.0358216366025069,0.0410336515423653,darkgray,-0.36696580498683,1.76413488962789,NA,NA,-0.270835219853,-0.69348193641538,1.76719499779168,1.61705315250955,1.95575185660153,0.168418188868012,0.759316288744791,-0.0504263485204529,-0.0221905721457573,0.0528801608320457,0.032551921218099,0.707590442366629
dgrp153,NA,-0.00364892194817677,0.0693242480918664,black,-0.00101375641163371,1.62246020406129,0.816724717972667,0.0989695267830786,NA,NA,NA,NA,NA,NA,NA,NA,NA,NA,NA,NA
dgrp313,shock,-0.0436308431539011,0.430221037178423,gold,1.0691083462513,2.11022686242943,NA,NA,1.10409991080485,0.946439106813459,2.11864924706995,1.86404357975203,1.18530997096876,0.0303708006363786,0.725336481385712,-0.00201571183191874,-0.0852459744758833,0.453409747432446,0.434051359962261,0.728208947094069
dgrp313,noShock,-0.0112746095260663,0.0885500976586086,darkgray,0.252418363665731,2.00267301586401,NA,NA,0.408720974648186,0.0973548839998012,2.08376603748565,1.82916037016772,3.04655685019412,0.0479480102865243,0.475135269616618,0.0105651046608486,-0.0331143237129813,0.117888819355854,0.064514297688908,0.687692880337659
dgrp313,NA,-0.0274527263399837,0.255255369459197,black,0.737895875543091,1.87724229272424,1.57126305428502,0.162296176236788,NA,NA,NA,NA,NA,NA,NA,NA,NA,NA,NA,NA
dgrp721,shock,0.0218023291113744,0.0972310295287277,gold,0.255924364050377,1.93380999892063,NA,NA,0.0168324938349331,0.603614689077008,2.0590443660091,1.90615474653985,1.24376796697761,0.100657500780017,0.568362038256347,0.0697335963169737,-0.110008655704024,0.0663222136718949,0.176771049029816,0.162658332492191
dgrp721,noShock,0.00238609449046848,0.0338846440307307,darkgray,-0.289209916105979,1.90086420592426,NA,NA,-0.18791919811086,-0.667165822963263,1.95872714187713,1.54659868604851,6.00742304500578,0.0960371705660575,0.554517744447957,0.0179689316766072,-0.0245297151946803,0.0428624323977863,0.0198548153329333,0.542274490097947
dgrp721,NA,0.0120942118009214,0.0645425319614763,black,0.0713845778278188,1.93089763214956,1.83155240999945,0.122503352847713,NA,NA,NA,NA,NA,NA,NA,NA,NA,NA,NA,NA
dgrp808,shock,0.1582923229506,0.0941877867217496,gold,0.199826312816734,1.89624944132146,NA,NA,0.227393959922163,-0.0272878171701145,1.96009513512456,1.63079910458564,2.54349419832095,0.0709873322242126,0.811641103121246,0.203379618902252,0.10676398472014,0.0920714496135891,0.098513528281238,0.38966345986105
dgrp808,noShock,-0.0276824351652638,0.0432728550694509,darkgray,-0.0976790611306947,2.24274129620229,NA,NA,-0.135407352601342,-0.0702039942622173,2.10067892127926,2.06920246582036,0.133760239813981,0.0375816719544129,0.725336481385712,-0.0797393590791325,0.0318111921648718,0.0399306830373945,0.0433108380395855,0.142838370791762
dgrp808,NA,0.0653049438926679,0.0763586063015021,black,0.0985808459695064,1.92540175782791,0.501202162634293,0.0829206535186251,NA,NA,NA,NA,NA,NA,NA,NA,NA,NA,NA,NA
dgrp765,shock,0.0619170816612766,0.115531536489193,gold,0.388446439055749,2.13899506967461,NA,NA,0.259634983122842,0.652097243541807,1.98769234640484,2.07944154167984,0.520543919060922,0.0721844529916809,0.22314355131421,0.106537904882587,-0.0607901821973271,0.0899806415960538,0.18522315868733,0.233112714378658
dgrp765,noShock,-0.0348904050281656,0.108050214983064,darkgray,0.371806245829338,2.13572088614864,NA,NA,0.428634448599624,0.122182276779474,2.15478315337337,1.6094379124341,4.08451095284197,0.0850576181619409,0.527460083993072,-0.10396532588247,0.103259436680444,0.119677522128646,0.0637002925114306,0.10358148457797
dgrp765,NA,0.0135133383165555,0.112278748048853,black,0.364064885800883,2.1811228892681,0.124153397361486,0.0116759940134199,NA,NA,NA,NA,NA,NA,NA,NA,NA,NA,NA,NA
dgrp776,shock,0.0425053340438846,0.0793215959372774,gold,0.106120115783466,1.82588618664175,NA,NA,0.13047446938435,0.00038281010821582,1.67311836264325,1.87345173755457,4.42028306701046,0.064001787392196,0.725336481385711,0.0460077177228747,0.0394407483247682,0.111009031415102,0.0571257915423032,0.949198216188377
dgrp776,noShock,-0.0470372211001916,0.0385157382897722,darkgray,-0.135985014852668,2.16776327691978,NA,NA,-0.201994759912135,-0.13869904728608,1.87627358443028,1.84139037484597,3.88377639946875,0.030587902503868,0.370485640863708,-0.0594378551711813,-0.034636587029202,0.0410903573899723,0.0383627239416361,0.729277261274693
dgrp776,NA,-0.00226594352815351,0.0599584869544134,black,0.00274699290594879,1.84018323539173,0.581606520841675,0.0585415102818607,NA,NA,NA,NA,NA,NA,NA,NA,NA,NA,NA,NA
dgrp855,shock,0.080081155677534,0.0683713989887619,gold,0.0773569014562301,1.75471578739697,NA,NA,-0.180655778814882,0.216716028730282,1.90853528164356,1.77101636878359,3.71369781373064,0.070611580118284,0.700069327464141,0.0649445404298196,0.0933256940192841,0.0382246661890987,0.0986557057190287,0.766779708772854
dgrp855,noShock,0.0248999726135611,0.0618755489459225,darkgray,0.0118593989477014,1.99805825126122,NA,NA,0.0172337316859784,-0.163146056582232,1.93380999892063,1.80650716526167,0.706442315539738,0.0979135952390718,1.08889997534522,0.0319058935898194,0.0178940516373027,0.0713576374837935,0.0567079647712054,0.877401093740426
dgrp855,NA,0.0524905641455476,0.0647938293995075,black,0.0776784011096064,1.90064752356785,0.457778087258647,0.0443993419961284,NA,NA,NA,NA,NA,NA,NA,NA,NA,NA,NA,NA
dgrp382,shock,0.231479228453297,0.293159746080991,gold,0.83244000997665,2.00204887156105,NA,NA,1.02067188726347,0.358897937923006,2.08376603748565,1.87116041423181,3.71945564521878,0.180797517424741,0.422810455240163,0.422532805856397,0.0267789669499751,0.388052468965324,0.126275809564768,0.0491940428686941
dgrp382,noShock,0.034644207425286,0.0490735581606486,darkgray,-0.0452148128102225,2.07534365284512,NA,NA,0.0927587306279354,-0.164373189839689,1.98133251472398,2.20559835902639,0.408413311981008,0.0298995291353468,0.281280615454461,0.0386902273305399,0.0300201846764244,0.0633533926394252,0.0363285408019156,0.914832543317928
dgrp382,NA,0.131393624540749,0.175912349715477,black,0.505223368153434,1.91597133360396,0.419532340800454,0.179500188912866,NA,NA,NA,NA,NA,NA,NA,NA,NA,NA,NA,NA
dgrp627,shock,0.0715033155777327,0.0760833264977857,gold,0.155190202417847,2.13572088614864,NA,NA,0.220202592640315,-0.106918013681671,2.16128711957615,1.73286795139986,4.1115815898866,0.0441744346824794,0.22314355131421,0.0978224623893937,-0.000874338154335085,0.0808709183720305,0.0644256628270582,0.386122550905929
dgrp627,noShock,0.0969580215255534,0.157535357519186,darkgray,0.525421270963799,2.07206946931915,NA,NA,0.527421392038859,0.505267465248963,2.06847853163783,1.88669678465808,2.19011806407028,0.0280453129044538,0.759316288744791,0.0808808928842358,0.129112278808189,0.154700479948309,0.179300867235283,0.753704690734411
dgrp627,NA,0.084230668551643,0.114994253683314,black,0.382991908567782,1.93285334452942,0.394845331037576,0.0587909216694972,NA,NA,NA,NA,NA,NA,NA,NA,NA,NA,NA,NA
dgrp440,shock,0.295370950359143,0.287037739051928,gold,0.742564810840275,1.8928117869972,NA,NA,0.804742074351998,0.564396462022904,1.90853528164356,1.96009513512456,3.70908791936367,0.162030517379651,0.700069327464141,0.566332109160919,0.0582799364075897,0.271680748802139,0.190998068108272,0.00956398012195936
dgrp440,noShock,0.0342848785834033,0.0511468682035535,darkgray,-0.03467055451529,1.90467182596199,NA,NA,-0.0646418249212112,0.0188479361193637,1.84139037484597,1.89892678933633,1.48959985039995,0.0135542775112184,0.700069327464141,0.0468935176994571,0.0216762394673496,0.0468596302997565,0.0587467871639782,0.760088143004711
dgrp440,NA,0.164827914471273,0.183556655314208,black,0.484259522808575,1.77980748155025,0.698574873325646,0.159954832864622,NA,NA,NA,NA,NA,NA,NA,NA,NA,NA,NA,NA
dgrp563,shock,0.186955331186528,0.194435756613996,gold,0.577607170269896,1.96548242397831,NA,NA,0.533902730399769,0.654901550509298,1.90608716896154,1.73286795139986,2.98587729906707,0.0253714799456135,0.395752794785279,0.206283612399801,0.13380255785003,0.189490409843566,0.232645397511655,0.690529470145491
dgrp563,noShock,-0.00133104022752088,0.121561847375962,darkgray,0.26650000364994,1.76223476981227,NA,NA,0.249017120606959,0.0579096753171408,2.0316900029887,1.54030582522652,5.05414528981171,0.120484073263318,0.448077609161734,0.0228971062294731,-0.0431796568350559,0.0852200120195179,0.196091592518587,0.616918897639546
dgrp563,NA,0.0928121454795038,0.164334014925641,black,0.468712810742622,1.72570882769026,5.57576368807048,0.0733634153747804,NA,NA,NA,NA,NA,NA,NA,NA,NA,NA,NA,NA
dgrp911,shock,0.170236267194419,0.362878510245678,gold,0.899721185238252,2.03144122310919,NA,NA,0.59310155122546,1.10805207599784,1.93380999892063,2.08376603748565,0.875577158934872,0.0944714079759498,0.527460083993072,0.194133342446062,0.146339191942777,0.180580571544615,0.569872620666613,0.827988192725176
dgrp911,noShock,0.0557717281810372,0.264158933717556,darkgray,0.825717072908625,1.99097644769752,NA,NA,0.83143609410775,0.775546746993685,2.10657733323212,2.13338193026454,0.53802856977709,0.0457611222947725,0.465312719038709,0.118967524078612,0.000475406770659333,0.265685958140774,0.273457118048464,0.528713906846535
dgrp911,NA,0.113003997687728,0.311535895513678,black,0.870194591227762,2.00266660443039,0.323972123578905,0.0165433308476166,NA,NA,NA,NA,NA,NA,NA,NA,NA,NA,NA,NA
dgrp227,shock,0.189869251131886,0.177067431967459,gold,0.603309237501704,2.12155346488245,NA,NA,0.219037067668111,0.817703332388325,2.10657733323212,2.04673853269455,0.885823979192987,0.128154257900064,0.693147180559945,0.27623350455127,0.114300529389924,0.0809020223146128,0.25916240999422,0.29300671940111
dgrp227,noShock,-0.0716433747943868,0.0981369894863187,darkgray,0.287449613631795,1.95318902030072,NA,NA,0.041027108490948,0.441436705797659,2.00755630743784,1.96009513512456,2.28297505256018,0.0643190748878915,0.620686852632802,-0.00985377639818997,-0.125709273391059,0.0594989379706542,0.131484346443214,0.312225334097006
dgrp227,NA,0.0591129381687494,0.152656966524447,black,0.528475410662385,2.03200426947557,0.197025369637235,0.10560248422566,NA,NA,NA,NA,NA,NA,NA,NA,NA,NA,NA,NA
dgrp319,shock,0.216206264681535,0.18842180666339,gold,0.590710634983716,1.86404357975203,NA,NA,0.591564611509942,0.469954640220857,1.97224697942344,1.55958115625988,6.04730731520847,0.093228742778682,0.891023577952585,0.282545608941953,0.0337730679653827,0.188703491018838,0.162626303228322,0.165095101509253
dgrp319,noShock,0.0782884819947431,0.105902740380921,darkgray,0.274823664635237,1.96778980627971,NA,NA,0.112623435392376,0.544656500728303,1.99592178471599,1.72019345921983,2.35049026296802,0.0611284909915948,0.80471895621705,0.0561150336276195,0.116588074628866,0.0732663668593303,0.172690784638611,0.623794740775353
dgrp319,NA,0.147247373338139,0.149503925186502,black,0.462436291713722,1.91643370019722,0.227122958998102,0.044460125739576,NA,NA,NA,NA,NA,NA,NA,NA,NA,NA,NA,NA
dgrp822,shock,0.231340037775234,0.158787738627224,gold,0.423731465858573,2.00707747141285,NA,NA,0.476753677174597,0.433750129485649,1.67311836264325,2.04673853269455,1.44726576901243,0.0252408158046653,0.613764705728606,0.291430028033581,0.178761296299181,0.174898219651939,0.149092258854768,0.439755351244927
dgrp822,noShock,0.0451773734856768,0.0399980523654608,darkgray,-0.150024999457015,2.16448909339381,NA,NA,-0.0445494181663961,-0.417274041888981,2.25272833681982,2.00755630743784,1.2715925760613,0.125853302802424,0.194975993718926,0.105915294702408,-0.0242373936191591,0.0474185304993667,0.0247832539567018,0.0753599239492597
dgrp822,NA,0.138258705630456,0.106519254278282,black,0.215339594413248,1.87480959286013,0.212278073278808,0.11286883172182,NA,NA,NA,NA,NA,NA,NA,NA,NA,NA,NA,NA
dgrp189,shock,0.135025141609623,0.131868362273814,gold,0.394136359592803,1.87917780224278,NA,NA,0.0514136059369607,0.621956234550362,1.72982013037992,1.90615474653985,1.07295220443208,0.0873962508745296,0.586707045273723,0.164462498618597,0.10926745422677,0.059294786440479,0.20204020900253,0.677900440239737
dgrp189,noShock,0.0134520104025314,0.0635897977212613,darkgray,0.0772417279970698,1.96257820616581,NA,NA,-0.321464044640643,0.270478363572347,1.76700919107457,1.95646320382669,0.675108740256689,0.113676468099848,0.620686852632802,-0.020895977006636,0.0477999978116987,0.0382159010828077,0.0909777136846757,0.45563693567025
dgrp189,NA,0.074238576006077,0.0998302887005023,black,0.274591475496003,1.85443580446113,3.11764638540074,0.0636286828579851,NA,NA,NA,NA,NA,NA,NA,NA,NA,NA,NA,NA
dgrp801,shock,0.525961562304438,0.240119185199367,gold,0.705010718653737,2.06020943035437,NA,NA,0.612210638176216,0.739933899702782,1.93383147251334,1.73286795139986,3.97325589321439,0.0796319224641135,0.639031859650177,0.586895606590668,0.358392940517306,0.243077767974917,0.2217863183828,0.258700881671353
dgrp801,noShock,-0.119908983414235,0.103451482559419,darkgray,0.356367295191091,2.1018044777889,NA,NA,0.4061089709906,0.113289529505228,2.10100962888754,2.01981499249295,3.9888673710232,0.0932312981191066,0.509115076975697,-0.154967017597165,-0.0593541970982654,0.119950102859365,0.0777303189696431,0.432675434082285
dgrp801,NA,0.203026289445102,0.27492848800693,black,0.814985557531141,2.03710452433571,0.394025654317158,0.286192569744704,NA,NA,NA,NA,NA,NA,NA,NA,NA,NA,NA,NA
dgrp805,shock,0.0264269161953667,0.0964348559024708,gold,0.166917277682517,1.7906645412992,NA,NA,0.231706054444074,0.0135292936236341,1.52924829303769,1.93380999892063,1.1650660358371,0.094719067681391,0.586707045273722,-0.0108515522861134,0.0637053846768468,0.14358273931058,0.0531972817466989,0.510853715677617
dgrp805,noShock,-0.069653075497835,0.0441831328400082,darkgray,-0.10481387759063,2.0989002599764,NA,NA,-0.445351039093757,0.0928334176015838,1.71408754118701,2.02622962299529,0.339173089015492,0.129652943029041,0.666089520105061,-0.0196226497041678,-0.119683501291502,0.0260805226015882,0.0600780164846525,0.192347247210224
dgrp805,NA,-0.0216130796512341,0.0714642736540403,black,0.104487046627482,1.84366993996141,0.157865596112231,0.0814587448732553,NA,NA,NA,NA,NA,NA,NA,NA,NA,NA,NA,NA
dgrp892,shock,0.0936097365287543,0.0720406468393914,gold,0.0438212387958122,1.84950619277238,NA,NA,0.104401432986969,-0.056659408400198,1.89036277533887,2.10657733323212,3.43513494900483,0.045826448345736,0.752394141840595,0.122933057412057,0.0600973698049793,0.0925047526311038,0.0517020501835221,0.522363248467557
dgrp892,noShock,-0.129350112543562,0.134906161196598,darkgray,0.403371921296114,2.04276782556222,NA,NA,0.449886813463944,0.362234324078571,1.93380999892063,1.87627358443028,0.991553390140809,0.051527555953459,0.718414334481516,-0.0588060763788476,-0.199894148708277,0.129063094155926,0.139721537526152,0.292811441794937
dgrp892,NA,-0.017870188007404,0.114358031313881,black,0.355153432243322,1.95502523846823,0.395542485731313,0.137267897145461,NA,NA,NA,NA,NA,NA,NA,NA,NA,NA,NA,NA
dgrp93,shock,0.0734032487566468,0.0926770868789091,gold,0.183784749551915,2.00841805248967,NA,NA,-0.15352057964402,0.485362328934632,1.89892678933633,1.99134641341099,0.80671414199149,0.123617886993529,0.613764705728606,0.105228539997633,0.0415779575156606,0.0524460290964417,0.137357545518641,0.566919592756242
dgrp93,noShock,-0.104012987761405,0.0917104601391721,darkgray,0.242384231514703,2.03100785839638,NA,NA,-0.0740853141376557,0.27993544837321,1.95646320382669,1.87627358443028,2.09667374171316,0.127404691717552,0.752394141840595,-0.145556628877882,-0.0624693466449286,0.0443019178195385,0.141971447931858,0.452428036505065
dgrp93,NA,-0.0153048695023792,0.0986336725123355,black,0.24396007431351,1.8995198911421,0.611663570958695,0.0636886062444085,NA,NA,NA,NA,NA,NA,NA,NA,NA,NA,NA,NA
dgrp217,shock,0.468714715124695,0.195143133815816,gold,0.641572615572702,2.07886591598282,NA,NA,0.848667531750448,0.245779705357852,1.99150936135661,1.86404357975203,2.84323299901111,0.128533614826478,0.620686852632802,0.590611060769016,0.363071215566283,0.289811080127027,0.102182862032841,0.174047782827197
dgrp217,noShock,0.0314113101528346,0.0296754511122344,darkgray,-0.299741157772974,2.11175950138424,NA,NA,-0.608483334748687,-0.0344995621091596,2.10067892127926,2.13839724634772,1.19287216055589,0.0998042450078815,0.388830647881083,0.0252294499454628,0.0390197534849846,0.0166037938243506,0.0483743106765105,0.830241667026829
dgrp217,NA,0.24622701785831,0.157571907435355,black,0.353019081618647,1.94631065410875,0.279048256877199,0.262813355896012,NA,NA,NA,NA,NA,NA,NA,NA,NA,NA,NA,NA
dgrp391,shock,-0.0569664387759802,0.0419649582799407,gold,-0.155640668873043,2.18691092532052,NA,NA,0.0875648205826622,-0.543220649296314,2.13839724634772,1.76700919107457,2.10947573447663,0.152578927194691,0.284181019128174,-0.0918710067576155,-0.0267158131918962,0.0598681247781928,0.027505113981347,0.401272025748215
dgrp391,noShock,-0.0694079181546423,0.09403379419255,darkgray,0.27596711828514,1.99033169660965,NA,NA,0.227319714002057,0.253792907784581,2.01403552370927,1.88487133357816,2.90657793977025,0.061723726602366,0.586707045273722,0.00635693943658518,-0.162656973651538,0.0798741822646371,0.10249570521041,0.139919452642934
dgrp391,NA,-0.0632963142493346,0.0672893784888321,black,0.0821110874819728,1.89406308645053,0.839148710542837,0.055947890048163,NA,NA,NA,NA,NA,NA,NA,NA,NA,NA,NA,NA
dgrp738,shock,0.0552360372295068,0.172268606259839,gold,0.433761935862057,1.71849199673584,NA,NA,0.375746748763494,0.429232400484781,1.67920433160271,1.76700919107457,6.17314159170833,0.0768108334256609,0.950270539233235,0.115447106085633,-0.00497503162661905,0.16966649346242,0.179406963476968,0.4268618327973
dgrp738,noShock,-0.11385671943779,0.214520165365719,darkgray,0.565871519658108,1.91219080837729,NA,NA,0.607207143669898,0.541797020669197,1.80371937776887,1.8288411561742,3.37050533853417,0.0577538399118697,0.568362038256347,-0.015449599918396,-0.226321998888527,0.225932336445563,0.192313709463206,0.21346932970717
dgrp738,NA,-0.0293103411041418,0.197385759025447,black,0.507931192264086,1.82778226624084,0.309910651308195,0.0448052918054971,NA,NA,NA,NA,NA,NA,NA,NA,NA,NA,NA,NA
dgrp897,shock,0.276938166337132,0.0796882892459816,gold,0.0299587051988464,1.81322280344252,NA,NA,-0.147341125106814,0.18449844087499,1.72982013037992,1.82916037016772,0.115034701054488,0.066602653635359,0.863965917497701,0.309145220245122,0.246878249356341,0.0681935716598715,0.094048540548266,0.55280048922607
dgrp897,noShock,-0.0927065674896568,0.0540372979170406,darkgray,-0.0213322547119379,1.75926279284441,NA,NA,0.0895049030378769,-0.166369702099208,1.64622455382987,1.81848316301237,3.49835884330315,0.050544084878435,0.291103166032369,-0.0790034604271315,-0.109571930028149,0.0687008723767452,0.0396524273199227,0.724706398493002
dgrp897,NA,0.0921157994237374,0.100448355519822,black,0.326929071211981,2.19129242824773,6.11399793462235,0.322443311770823,NA,NA,NA,NA,NA,NA,NA,NA,NA,NA,NA,NA
dgrp31,shock,0.171286806962724,0.105492841881846,gold,0.330038118688381,2.08049185395968,NA,NA,0.458632042277249,0.202237769995852,2.11864924706995,2.02622962299529,0.586991684257868,0.0337083731420813,0.579784898369527,0.241884476339975,0.100689137585473,0.126686041816199,0.0811547786786982,0.233839059317821
dgrp31,noShock,-0.0719831495264208,0.0695326355270975,darkgray,0.122204256385496,2.07072888824233,NA,NA,-0.0304241434190526,0.259389401824592,1.78680833998457,1.83378554682005,2.98938324002507,0.0346435291074475,0.654666659991881,-0.0917295329481066,-0.0494158541873513,0.0597350540146095,0.0851578420053856,0.661038341819464
dgrp31,NA,0.0496518287181515,0.10107530374259,black,0.289025416358061,2.06386376703504,0.646543436596511,0.0859339108229674,NA,NA,NA,NA,NA,NA,NA,NA,NA,NA,NA,NA
dgrp354,shock,-0.0674598975252289,0.130073700581762,gold,0.46744254389088,2.0640170503921,NA,NA,0.458319028674045,0.523919272343509,2.06300466302615,2.07944154167984,0.874026326225543,0.017888162587685,0.500402423538188,-0.0365781415341707,-0.152384726500639,0.128227938918459,0.142953109171918,0.436722540786816
dgrp354,noShock,-0.0191903115220621,0.178619620281472,darkgray,0.564722481757579,1.88438940235668,NA,NA,0.589389433239406,0.437675140327366,1.81848316301237,1.61106567632297,2.99905250290013,0.0803584000913949,0.89794572485678,-0.0658808091678625,0.0165141866776676,0.179786752528282,0.185782258384321,0.596707344788951
dgrp354,NA,-0.0433251045236455,0.152322976254704,black,0.505619043225986,1.92081041235295,0.522770085164955,0.0133549862563698,NA,NA,NA,NA,NA,NA,NA,NA,NA,NA,NA,NA
dgrp318,shock,0.0679320498258429,0.149956970873189,gold,0.50103240234967,1.93113265090577,NA,NA,0.588866971964052,0.356488969786753,1.66746193342929,2.10657733323212,1.54624564822833,0.0365202356847898,0.977328199688119,0.101731423624453,0.0293041940560033,0.186345337030185,0.116492629214124,0.609300775336848
dgrp318,noShock,-0.00991882789185252,0.0508427718722918,darkgray,-0.0241218503914654,2.0918184564127,NA,NA,0.082252504660028,-0.182926431498255,1.97018144002608,1.92306578432415,1.40908418684219,0.0340187992272922,0.448077609161734,-0.0277219296709564,0.00565888616486339,0.0631381407281052,0.0430216403977312,0.685826456595723
dgrp318,NA,0.0290066109669952,0.100239049610851,black,0.226207270779182,1.84840253752115,0.122165831505547,0.0708520618108759,NA,NA,NA,NA,NA,NA,NA,NA,NA,NA,NA,NA
dgrp850,shock,-0.0531718829043255,0.0541902168137976,gold,0.0115096494648576,1.82164138775242,NA,NA,0.0280457969222993,-0.144185518569658,1.77162395567737,1.80650716526167,1.80611973450939,0.075553238133397,0.568362038256347,-0.0425106441473201,-0.0638331216613309,0.0566433390794377,0.055364262866642,0.801932875188697
dgrp850,noShock,-0.0978046215962349,0.0673544945011306,darkgray,0.0723814128055265,2.10695267890346,NA,NA,0.0478054522270169,0.130255319327576,1.86621602358595,1.96009513512456,2.45327712984836,0.0213388040091571,0.422810455240163,-0.0682541854128292,-0.123661253256715,0.0723287121304318,0.0660056560348766,0.559643193385137
dgrp850,NA,-0.0754882522502802,0.0602487770945767,black,0.056722597659783,2.03566655897726,0.732326692142413,0.0313366923230706,NA,NA,NA,NA,NA,NA,NA,NA,NA,NA,NA,NA
dgrp818,shock,0.0552048708085721,0.0400133530722995,gold,-0.127747192460282,2.20495386880549,NA,NA,-0.180823941977091,-0.0915050027196543,2.08376603748565,1.93380999892063,3.2279216982675,0.0314947021776214,0.666089520105061,0.0067694865379007,0.103640255079244,0.0362426864846286,0.041615002487747,0.184761445875036
dgrp818,noShock,-0.068173648068881,0.0281081945694996,darkgray,-0.355357902116226,2.14801428982623,NA,NA,-0.907252377536357,-0.0627551318810502,1.97018144002608,2.10067892127926,0.191454979497117,0.196680879874785,0.448077609161734,-0.103875839302692,-0.0369342307392965,0.00889089953531843,0.0444064319340226,0.275252654519762
dgrp818,NA,-0.00648438863015445,0.0373535383969167,black,-0.176752122286573,2.16580368392061,0.101852928226239,0.0670089417829979,NA,NA,NA,NA,NA,NA,NA,NA,NA,NA,NA,NA
dgrp853,shock,-0.00911168829267492,0.163402445887522,gold,0.441987907036981,1.91315760960186,NA,NA,0.239340829207788,0.498652421709202,1.77162395567737,1.87627358443028,1.38478849357072,0.0901014719260689,0.336505833504628,-0.0348995497658899,0.0166761731805401,0.131368067336746,0.205683398145916,0.726774672799287
dgrp853,noShock,-0.0679239793514726,0.150805398490306,darkgray,0.391445867015587,1.68591616945294,NA,NA,0.378332974001276,0.10456778143022,1.93380999892063,1.54267196873815,6.59794723272293,0.15846926138059,0.725336481385712,0.100402334488359,-0.236250293191304,0.141263776651336,0.110403660369501,0.0175904341513295
dgrp853,NA,-0.0385178338220738,0.155320521536454,black,0.43468570927118,1.8521620287288,0.284202042563007,0.0425015776731954,NA,NA,NA,NA,NA,NA,NA,NA,NA,NA,NA,NA
dgrp913,shock,0.156001304894951,0.0958732291750279,gold,0.304275360013595,2.13572088614864,NA,NA,0.0516893619743873,0.507503346087085,1.96869320850494,2.21106887114461,0.600727556485286,0.0820664704026721,0.343427980408824,0.125740894404125,0.186261715385778,0.0578464251449938,0.138785922910978,0.592451355984016
dgrp913,noShock,-0.0269666292262481,0.0833263592291061,darkgray,0.192486397213679,2.04426806329855,NA,NA,0.203642489745832,0.155216801203263,1.99134641341099,1.86404357975203,2.66010881883975,0.0408332944495695,0.568362038256347,-0.021684945152093,-0.0322483133004032,0.0795186184231843,0.0930262052942658,0.920171968164669
dgrp913,NA,0.0645173378343515,0.096592322668959,black,0.298592214497059,2.12935493053124,0.326366400899985,0.048260226904147,NA,NA,NA,NA,NA,NA,NA,NA,NA,NA,NA,NA
dgrp101,shock,0.0993469524050741,0.233511112202633,gold,0.61095027040383,1.96317504167691,NA,NA,0.826857766338346,0.310431881246265,2.02622962299529,1.50659508813164,1.74964845032058,0.112081722662501,0.752394141840595,0.211551048888953,-0.0128571440788043,0.274465306830902,0.182258227157915,0.203447578182563
dgrp101,noShock,-0.0775239783650822,0.13072658450459,darkgray,0.442358203938383,1.98807222988502,NA,NA,0.565000209540389,0.252598696336415,1.89892678933633,2.02622962299529,0.219722457733622,0.059960330627258,0.673011667009257,-0.187026221603372,0.0319782648732077,0.161798045455001,0.0832982911454686,0.0971502032462646
dgrp101,NA,0.010911487019996,0.186985476216644,black,0.547383836957621,1.92393550537386,0.844467296222123,0.0694528831181231,NA,NA,NA,NA,NA,NA,NA,NA,NA,NA,NA,NA
dgrp109,shock,0.126255689922237,0.175884841027379,gold,0.501461585165164,1.82685298786632,NA,NA,0.36184854916374,0.664696939312039,1.52269992598575,1.99134641341099,2.71527626770341,0.0668531803808609,0.759316288744791,0.206034521484338,0.0464768583601359,0.137381265944404,0.213313057686423,0.297449083405416
dgrp109,noShock,-0.0256896153848512,0.12460235121679,darkgray,0.312462807687094,1.99939883233804,NA,NA,-0.0146278106572142,0.580441176137684,1.96009513512456,1.90853528164356,2.16952567472977,0.120940711792857,0.561439891352152,-0.109785108651199,0.0704195197766895,0.0603680294708832,0.189652106873794,0.163023591724136
dgrp109,NA,0.0502830372686928,0.153566766307693,black,0.457371230896886,1.91654696555159,2.12215165423438,0.05003214429797,NA,NA,NA,NA,NA,NA,NA,NA,NA,NA,NA,NA
dgrp21,shock,0.140760646940556,0.213603635283061,gold,0.687536910978239,2.04985212539277,NA,NA,0.757333983746485,0.632065084206899,2.15353245665425,1.80951425584928,2.90814197846149,0.0172430224656998,0.610864302054894,0.174844518005283,0.10424221365692,0.24124038985276,0.197495410185603,0.681014668161731
dgrp21,noShock,0.0509352006918429,0.054506475789138,darkgray,0.0347890725710425,2.00648063590174,NA,NA,-0.323546284393088,0.156302020242098,1.80650716526167,1.93380999892063,1.25748565991176,0.136115481554649,0.673011667009257,-0.00205694454398757,0.103927345927673,0.0283506658861032,0.0785381036984784,0.213786680957709
dgrp21,NA,0.0950866912208715,0.132423575965348,black,0.399179707344008,1.85435040242438,0.424022187547176,0.102788733494891,NA,NA,NA,NA,NA,NA,NA,NA,NA,NA,NA,NA
dgrp310,shock,0.398953371234356,0.428751346934787,gold,1.0336991517341,2.07028211204127,NA,NA,1.15750367057201,0.371516423661073,1.80951425584928,1.48781671640145,5.03399717588098,0.243024954630248,0.89794572485678,0.630400966915805,0.182935615265003,0.558838723233421,0.235016242505351,0.0659241656634373
dgrp310,noShock,-0.0878344929917698,0.120587895901939,darkgray,0.423374444826946,1.94453266683441,NA,NA,0.156817342494714,0.586124530020826,2.00755630743784,2.02622962299529,2.40975954665123,0.0644482701212667,0.759316288744791,-0.0769423388134837,-0.0980005035581701,0.0725679591603433,0.173561889520734,0.87037305043173
dgrp310,NA,0.155559439121293,0.330130771200297,black,0.825824867566062,1.97379083879665,0.466009083503907,0.150596606318728,NA,NA,NA,NA,NA,NA,NA,NA,NA,NA,NA,NA
dgrp380,shock,0.00495498826238837,0.126174792685468,gold,0.451772931783827,2.13913276856746,NA,NA,0.563939665085497,0.323490012636042,1.80951425584928,1.93380999892063,3.13770023415037,0.043250171721349,0.811641103121246,0.00662561679875347,0.00339573496178094,0.154756560093031,0.108641669351785,0.98047874613226
dgrp380,noShock,0.12487648403407,0.10507622498373,darkgray,0.325723244573755,1.99612464881208,NA,NA,0.501499208951214,-0.0232253492749601,1.96009513512456,2.00755630743784,1.43426068140157,0.0941107107696505,0.620686852632802,0.193550764530986,0.0463915920375941,0.149477347120091,0.049488731776517,0.214788698818754
dgrp380,NA,0.0659320200107009,0.117106309801993,black,0.405227680255593,1.97279975902602,1.82499960897897,0.0362691425755269,NA,NA,NA,NA,NA,NA,NA,NA,NA,NA,NA,NA
dgrp392,shock,0.150573782523317,0.263584354170253,gold,0.503821998900005,1.77452817348987,NA,NA,0.702879319765189,0.302653504871791,1.63475892444401,2.06920246582036,0.780328471517741,0.0842621717313934,0.343427980408824,0.292111183238703,-0.0111832468656952,0.375303536285896,0.102119472464154,0.106475461108669
dgrp392,noShock,-0.0807173292135516,0.110977871604336,darkgray,0.301176780047709,1.852716977299,NA,NA,0.295152221315599,0.182281811088332,1.80650716526167,1.87627358443028,0.578074351579233,0.0880929802889461,0.700069327464141,-0.168961878850277,0.00752722042317361,0.11215327668229,0.101042813339716,0.146814367913713
dgrp392,NA,0.0349282266548827,0.197707427508309,black,0.408152581990747,1.68110173018794,4.08480937059753,0.0623518282928248,NA,NA,NA,NA,NA,NA,NA,NA,NA,NA,NA,NA
dgrp491,shock,0.199538395009079,0.21122858638893,gold,0.669397943815277,1.99805825126122,NA,NA,0.425147344065856,0.740406225986318,2.21106887114461,1.89431202473353,2.44551709718187,0.0918646143228231,0.343427980408823,0.16779977457357,0.231277015444589,0.115052824694677,0.320333518481358,0.705249161390548
dgrp491,noShock,0.0272874212788107,0.12171528763931,darkgray,0.399420109593725,1.99194324892209,NA,NA,0.441741059594096,0.349486384144164,1.90853528164356,1.66313559161417,2.70341105480662,0.0551360769581362,0.752394141840595,-0.0304094046862463,0.0777721439982355,0.124579087694231,0.121522063579726,0.396820528566472
dgrp491,NA,0.113412908143945,0.171193700272616,black,0.59018633663891,2.06186066566516,0.626139844805349,0.0613132948887798,NA,NA,NA,NA,NA,NA,NA,NA,NA,NA,NA,NA
dgrp502,shock,-0.055871405737324,0.0580478251699444,gold,0.0506132630583076,2.18289749941054,NA,NA,-0.190910172393,0.165241763556949,1.82916037016772,2.11864924706995,1.01510999727209,0.0853751758423364,0.395752794785279,-0.0501345017870101,-0.0616083096876379,0.0472385061912129,0.0729328915173823,0.896233898415744
dgrp502,noShock,0.0449277917704863,0.0959513804262108,darkgray,-0.0854205665509461,1.48363531651147,NA,NA,-0.320351978676056,-0.178281101557403,1.51240352375664,1.36051388274249,2.34771724257448,0.180975941078404,0.640822366183491,-0.00790283517678175,0.0977584187177545,0.0624460855598821,0.13032947001518,0.350221908018536
dgrp502,NA,-0.00547180698341882,0.0782776972129115,black,0.0138420393273328,1.59865489332619,3.72695242479003,0.0735505702643278,NA,NA,NA,NA,NA,NA,NA,NA,NA,NA,NA,NA
dgrp505,shock,0.033934278845918,0.101932521079079,gold,0.318609596001225,1.93053581539466,NA,NA,0.575421146397856,-0.129126129858356,2.08376603748565,2.24595208072891,0.347025291392585,0.143481440495355,0.218011910943328,0.109163315363201,-0.0412947576713654,0.158560938550114,0.0404576952522959,0.196844391965292
dgrp505,noShock,0.0528836870654168,0.0561928113066551,darkgray,-0.0553093917489108,1.66543516314559,NA,NA,-0.156379808131825,0.102259663015723,1.85942881514923,1.80650716526167,3.47928992781113,0.0333156041129932,0.700069327464141,0.0632957973914201,0.0424715767394134,0.0496959144618701,0.0664711688702565,0.809880872534098
dgrp505,NA,0.0434089829556674,0.0778139125468531,black,0.15207692839532,1.9549870114398,3.09435411764646,0.0586434300157497,NA,NA,NA,NA,NA,NA,NA,NA,NA,NA,NA,NA
dgrp712,shock,0.101016562759342,0.105184131453568,gold,0.354353485111115,2.0918184564127,NA,NA,0.392258115936079,0.0938048728725462,1.94591014905531,1.99279814410984,1.48117195309458,0.125751728953969,0.534382230897268,0.219961566565655,-0.00306031557118147,0.134106156257278,0.0623718026755768,0.060239196729396
dgrp712,noShock,-0.0586988479568594,0.105857408697535,darkgray,0.314054639000998,1.98195722754589,NA,NA,0.404651603672105,0.18235822869251,2.11864924706995,1.99134641341099,0.625349293918105,0.0470326686715036,0.534382230897267,0.0093911928516509,-0.12678888876537,0.119303902661348,0.0900373289464653,0.251687091572732
dgrp712,NA,0.0211588574012414,0.110217624587893,black,0.358779126554432,2.11974362674114,1.17398336851574,0.0338343869493525,NA,NA,NA,NA,NA,NA,NA,NA,NA,NA,NA,NA
dgrp716,shock,0.192416406076503,0.174723617386843,gold,0.592032443116043,1.98963586662069,NA,NA,0.371829158793179,0.713670930036421,1.84074872856928,1.97018144002608,3.76471268206707,0.0736125280940878,0.725336481385711,0.261509998653494,0.113452300274228,0.134834538466985,0.221599185736801,0.333107583719872
dgrp716,noShock,-0.058630978277263,0.203200631216954,darkgray,0.645834753666021,2.08854427288674,NA,NA,0.738186748090278,0.538142609120001,1.93380999892063,2.08376603748565,0.149956038565016,0.0832545774373461,0.718414334481516,-0.218722675322788,0.101460718768263,0.218411889899011,0.147583664487002,0.0517494846985966
dgrp716,NA,0.0668927138996201,0.201782627921579,black,0.640317484341716,2.08168948108846,0.21783409231564,0.044880902062766,NA,NA,NA,NA,NA,NA,NA,NA,NA,NA,NA,NA
dgrp129,shock,0.263938419983378,0.229738741288028,gold,0.757506067711109,2.12386084718385,NA,NA,0.74476974345589,0.783282540247717,2.11864924706995,1.95646320382669,1.8917522865085,0.012006229415616,0.448077609161733,0.245840593303042,0.282036246663714,0.225747204501688,0.249438335315189,0.836158841605072
dgrp129,noShock,0.0423708281858336,0.075145341795366,darkgray,0.105068409142014,1.95424561772933,NA,NA,0.227016558173985,-0.238175386656932,1.80189240065887,1.90853528164356,1.51203941459309,0.0951162372929896,0.613764705728606,0.0581272139389515,0.025488986307493,0.0925625691759467,0.061575361094931,0.748668661843657
dgrp129,NA,0.155032315540517,0.163627499421151,black,0.503331786494823,1.92098235917868,2.1776389120888,0.141210260190373,NA,NA,NA,NA,NA,NA,NA,NA,NA,NA,NA,NA
dgrp821,shock,0.288113210766503,0.2280895511755,gold,0.571062376058273,1.86404357975203,NA,NA,0.496971737508517,0.545172844678644,1.72982013037992,1.99279814410984,1.02344169153494,0.056537577389737,0.336505833504628,0.386365227491747,0.202142696131915,0.264933129297959,0.194470867330892,0.291868671198378
dgrp821,noShock,-0.0117159678188168,0.0284646828372419,darkgray,-0.298323879523489,2.02913384080779,NA,NA,-0.361238555264674,-0.254013599548148,1.74786809746676,1.96009513512456,0.215726270467888,0.0143446527789373,0.89794572485678,-0.0183597594362179,-0.00590265015359088,0.0245964849798745,0.0336375215604294,0.84010710960036
dgrp821,NA,0.138198621473843,0.148958234429436,black,0.129651005138081,1.64860985688581,1.17937209032795,0.159255706157794,NA,NA,NA,NA,NA,NA,NA,NA,NA,NA,NA,NA
dgrp861,shock,0.240219427334046,0.214821922548598,gold,0.5530385391452,1.96257570627457,NA,NA,0.677537993725704,0.472155251550019,1.97018144002608,1.80650716526167,1.98471365003782,0.028877874315695,1.00259535360969,0.283967935469696,0.19938748640744,0.29353564980734,0.153374758955035,0.62337859266922
dgrp861,noShock,0.015032532874545,0.105826081291986,darkgray,0.184589051494609,1.81455958418873,NA,NA,-0.0163808815757619,0.380960546267376,1.5808185358593,2.10657733323212,1.35292535950566,0.142535690056334,0.613764705728606,-0.0654676521171654,0.107032744293643,0.0922632096750603,0.11252516855279,0.147348077590162
dgrp861,NA,0.125717616591927,0.169512329254958,black,0.449763353790025,1.68251727041514,4.16742276633275,0.0888851747644821,NA,NA,NA,NA,NA,NA,NA,NA,NA,NA,NA,NA
dgrp317,shock,0.188217169990389,0.262603112990181,gold,0.797660152292859,2.09047787533588,NA,NA,0.768575848498979,0.766452556187599,1.93380999892063,1.93380999892063,2.32334499959865,0.049413995268897,0.777661295762166,0.262699720970563,0.113734619010216,0.241479882396292,0.290595886510839,0.425976459397152
dgrp317,noShock,-0.150171262211629,0.18186511850096,darkgray,0.63482876296357,2.08205549069535,NA,NA,0.678092854883273,0.547845558749601,1.98133251472398,1.97018144002608,2.54023694824976,0.0222919143011573,0.395752794785279,-0.115750380753226,-0.189509412449804,0.195805047085444,0.176645470466302,0.636490688171467
dgrp317,NA,0.0190229538893799,0.24757931659263,black,0.781960056957693,2.11007357907237,0.280614791149093,0.073915541192265,NA,NA,NA,NA,NA,NA,NA,NA,NA,NA,NA,NA
dgrp32,shock,0.241000430355886,0.133055878574379,gold,0.43265847063599,1.97219426182854,NA,NA,0.464246005170523,0.300436788266303,1.80650716526167,2.11864924706995,1.03776320217814,0.065877354453746,0.534382230897268,0.337784178529078,0.144216682182695,0.159303178820617,0.0962402255610569,0.146149061017616
dgrp32,noShock,0.0349328462973216,0.0749564908235233,darkgray,0.188566295385709,2.09278525763728,NA,NA,0.0868111846211671,0.177851578995594,2.10067892127926,1.97018144002608,2.90684403211241,0.0885953898264265,0.448077609161734,-0.0554615585468702,0.138240737547826,0.0640687120419316,0.0717349148380206,0.0532023887819647
dgrp32,NA,0.137966638326604,0.113039261873477,black,0.353392380036729,1.84278670077192,0.522587333653803,0.064452834250251,NA,NA,NA,NA,NA,NA,NA,NA,NA,NA,NA,NA
dgrp338,shock,0.028178604996406,0.166832644094659,gold,0.443127487421614,1.85759014165465,NA,NA,0.372371232191981,0.481789124411493,2.00755630743784,1.78680833998457,1.96536325571651,0.0639333553031378,0.482057416520813,0.0635398894526987,-0.0027625189028501,0.127636880478152,0.20973624640141,0.657360882537957
dgrp338,noShock,-0.200641488196234,0.152444482097461,darkgray,0.551138019268975,2.22008809129624,NA,NA,0.678354146056752,0.356689330630928,2.10067892127926,1.86621602358595,2.42570060676549,0.0513512013814735,0.336505833504628,-0.176795677106962,-0.227893843726831,0.194588002910219,0.114044177040113,0.720633227238115
dgrp338,NA,-0.0862314415999142,0.170244342123759,black,0.575966498364959,2.05671856447199,0.258337639113948,0.0777458384184168,NA,NA,NA,NA,NA,NA,NA,NA,NA,NA,NA,NA
dgrp804,shock,0.133650164267944,0.0562528898769299,gold,0.0357094894720903,2.18932296960753,NA,NA,0.117035580650364,-0.272023703106904,2.10657733323212,2.02622962299529,2.28177672742066,0.132462326288901,0.786373949199675,0.241679464295027,0.0328228175759998,0.0630356137712704,0.0314100724723341,0.0178043202531772
dgrp804,noShock,-0.00753373851820014,0.0320496417957834,darkgray,-0.246806029256349,2.09509263993867,NA,NA,-0.112701581542076,-0.483770579311319,1.96009513512456,1.72982013037992,1.29438277066054,0.0484715149134364,1.08889997534522,-0.00403633647256905,-0.0115307694274928,0.0406156464232963,0.0245988876158397,0.908928116626676
dgrp804,NA,0.061861739122447,0.0482490734431416,black,-0.0810094976955562,2.12812374141899,0.217458876039307,0.065723016984045,NA,NA,NA,NA,NA,NA,NA,NA,NA,NA,NA,NA
dgrp535,shock,0.221880261270421,0.214598527551676,gold,0.647408659305191,2.02070932704718,NA,NA,0.748855063434019,0.582165630876953,1.89892678933633,1.87116041423181,1.35309080912412,0.0209685903128396,0.620686852632802,0.262399096415646,0.178467223614822,0.242202251889727,0.197454993786849,0.625864616125142
dgrp535,noShock,-0.0299885688343564,0.0557104209335265,darkgray,-0.0191664195262849,1.94186241784769,NA,NA,-0.237924632061659,0.0990108078436032,1.61705315250955,2.06111283257959,3.88732603377001,0.0748205272168814,0.475135269616617,-0.0833382130311549,0.023361075362442,0.0437531396969218,0.065548051088401,0.215712583289262
dgrp535,NA,0.0938113646069748,0.147582781217357,black,0.405657956477326,2.04522538079706,1.79134727423578,0.143086119906751,NA,NA,NA,NA,NA,NA,NA,NA,NA,NA,NA,NA
dgrp884,shock,0.161502819324887,0.107418751418367,gold,0.373174120012919,1.97637566171853,NA,NA,0.488269917059619,0.0717745742726225,2.01403552370927,1.84688912326104,2.96488861035445,0.0990793240634773,0.309448173049744,0.250229353012858,0.0601010665386359,0.130506565277676,0.06827957930225,0.112932505592765
dgrp884,noShock,0.031853056068745,0.08049489520972,darkgray,0.217434879914716,1.96257820616581,NA,NA,0.368403357995786,0.0596617263754269,1.93380999892063,1.63970635741561,1.23582235108193,0.0466220706444322,0.916290731874155,0.0601881120015608,0.00351800013592927,0.105915658690303,0.0591033198268693,0.584367305071968
dgrp884,NA,0.0966779376968163,0.0966378248966124,black,0.312299448007471,2.07058146806123,0.730469904496489,0.0406889278487512,NA,NA,NA,NA,NA,NA,NA,NA,NA,NA,NA,NA
